term,group1,group2,null.value,estimate,conf.low,conf.high,p.adj,p.adj.signif
strain,del(Het),del(Hom),0,170.8813554236142,41.01937525366159,300.7433355935668,0.00102,**
strain,del(Het),E198A(Het),0,-55.607711323803635,-183.87623261718795,72.66080996958067,0.972,ns
strain,del(Het),E198A(Hom),0,166.92490392343862,16.516730482504414,317.3330773643728,0.0149,*
strain,del(Het),E198L(Het),0,-6.338149598930393,-134.6066708923147,121.93037169445392,1,ns
strain,del(Het),E198L(Hom),0,110.38451671806783,-30.12660834236877,250.89564177850443,0.308,ns
strain,del(Het),E198V(Het),0,0.01008248264432865,-131.59064361834157,131.61080858363022,1,ns
strain,del(Het),E198V(Hom),0,173.1809126920592,41.5801865910733,304.7816387930451,0.00102,**
strain,del(Het),F167Y(Het),0,-43.85195411812119,-170.65450130862783,82.95059307238546,0.996,ns
strain,del(Het),F167Y(Hom),0,167.68871800926553,37.826737839312926,297.5506981792181,0.00144,**
strain,del(Het),F200Y(Het),0,-26.438759923699727,-153.24130711420636,100.36378726680692,1,ns
strain,del(Het),F200Y(Hom),0,171.6931118111001,33.76716910006573,309.61905452213443,0.00272,**
strain,del(Het),N2(Het),0,-129.60134505294354,-257.86986634632785,-1.3328237595592327,0.0449,*
strain,del(Het),N2(Hom),0,-42.01717398629368,-170.28569527967798,86.25134730709064,0.998,ns
strain,del(Hom),E198A(Het),0,-226.48906674741784,-356.35104691737047,-96.627086577465235,9.97e-7,****
strain,del(Hom),E198A(Hom),0,-3.956451500175575,-155.72581262655027,147.81290962619912,1,ns
strain,del(Hom),E198L(Het),0,-177.21950502254458,-307.0814851924972,-47.35752485259198,5.06e-4,***
strain,del(Hom),E198L(Hom),0,-60.49683870554637,-202.46407649166179,81.47039908056905,0.976,ns
strain,del(Hom),E198V(Het),0,-170.87127294096985,-304.0255873629085,-37.71695851903118,0.00161,**
strain,del(Hom),E198V(Hom),0,2.2995572684449996,-130.85475715349367,135.45387169038366,1,ns
strain,del(Hom),F167Y(Het),0,-214.73330954173537,-343.1475077943836,-86.31911128908712,3.57e-6,****
strain,del(Hom),F167Y(Hom),0,-3.192637414348667,-134.62875966592358,128.24348483722625,1,ns
strain,del(Hom),F200Y(Het),0,-197.3201153473139,-325.73431359996215,-68.90591709466565,3.52e-5,****
strain,del(Hom),F200Y(Hom),0,0.8117563874859002,-138.59730361794317,140.22081639291497,1,ns
strain,del(Hom),N2(Het),0,-300.48270047655774,-430.34468064651037,-170.62072030660514,1.15e-11,****
strain,del(Hom),N2(Hom),0,-212.89852940990787,-342.76050957986047,-83.03654923995526,6.29e-6,****
strain,E198A(Het),E198A(Hom),0,222.53261524724223,72.12444180630803,372.94078868817644,8.79e-5,****
strain,E198A(Het),E198L(Het),0,49.26956172487324,-78.99895956851107,177.53808301825757,0.99,ns
strain,E198A(Het),E198L(Hom),0,165.99222804187144,25.481102981434844,306.50335310230804,0.00623,**
strain,E198A(Het),E198V(Het),0,55.61779380644796,-75.98293229453793,187.21851990743386,0.977,ns
strain,E198A(Het),E198V(Hom),0,228.7886240158628,97.18789791487691,360.38935011684873,1.1e-6,****
strain,E198A(Het),F167Y(Het),0,11.755757205682443,-115.0467899848242,138.5583043961891,1,ns
strain,E198A(Het),F167Y(Hom),0,223.29642933306917,93.43444916311657,353.15840950302174,1.55e-6,****
strain,E198A(Het),F200Y(Het),0,29.168951400103907,-97.63359579040274,155.97149859061057,1,ns
strain,E198A(Het),F200Y(Hom),0,227.30082313490374,89.37488042386937,365.2267658459381,5.43e-6,****
strain,E198A(Het),N2(Het),0,-73.99363372913992,-202.2621550225242,54.274887564244395,0.795,ns
strain,E198A(Het),N2(Hom),0,13.590537337509957,-114.67798395587435,141.85905863089425,1,ns
strain,E198A(Hom),E198L(Het),0,-173.263053522369,-323.6712269633032,-22.8548800814348,0.00899,**
strain,E198A(Hom),E198L(Hom),0,-56.54038720537079,-217.5161038485851,104.4353294378435,0.996,ns
strain,E198A(Hom),E198V(Het),0,-166.9148214407943,-320.17458848144156,-13.655054400147009,0.019,*
strain,E198A(Hom),E198V(Hom),0,6.256008768620575,-147.00375827202672,159.51577580926786,1,ns
strain,E198A(Hom),F167Y(Het),0,-210.77685804155982,-359.93680929204606,-61.616906791073575,2.46e-4,***
strain,E198A(Hom),F167Y(Hom),0,0.7638140858269082,-151.00554704054778,152.5331752122016,1,ns
strain,E198A(Hom),F200Y(Het),0,-193.36366384713835,-342.5236150976246,-44.20371259665211,0.00135,**
strain,E198A(Hom),F200Y(Hom),0,4.768207887661475,-153.95598924615393,163.49240502147688,1,ns
strain,E198A(Hom),N2(Het),0,-296.52624897638213,-446.93442241731634,-146.11807553544793,1.37e-8,****
strain,E198A(Hom),N2(Hom),0,-208.9420779097323,-359.3502513506665,-58.533904468798085,3.52e-4,***
strain,E198L(Het),E198L(Hom),0,116.72266631699821,-23.788458743438383,257.23379137743484,0.225,ns
strain,E198L(Het),E198V(Het),0,6.3482320815747215,-125.25249401941117,137.9489581825606,1,ns
strain,E198L(Het),E198V(Hom),0,179.51906229098958,47.918336190003686,311.1197883919755,5.1e-4,***
strain,E198L(Het),F167Y(Het),0,-37.5138045191908,-164.31635170969744,89.28874267131584,0.999,ns
strain,E198L(Het),F167Y(Hom),0,174.02686760819591,44.16488743824331,303.8888477781485,7.24e-4,***
strain,E198L(Het),F200Y(Het),0,-20.100610324769335,-146.90315751527598,106.70193686573731,1,ns
strain,E198L(Het),F200Y(Hom),0,178.03126141003048,40.105318698996115,315.9572041210648,0.00146,**
strain,E198L(Het),N2(Het),0,-123.26319545401316,-251.53171674739747,5.005325839371153,0.0737,ns
strain,E198L(Het),N2(Hom),0,-35.679024387363285,-163.9475456807476,92.58949690602103,1,ns
strain,E198L(Hom),E198V(Het),0,-110.3744342354235,-253.93387774669162,33.18500927584465,0.343,ns
strain,E198L(Hom),E198V(Hom),0,62.796395973991366,-80.76304753727678,206.3558394852595,0.97,ns
strain,E198L(Hom),F167Y(Het),0,-154.23647083618903,-293.41063756607804,-15.062304106300019,0.0152,*
strain,E198L(Hom),F167Y(Hom),0,57.3042012911977,-84.66303649491772,199.27143907731312,0.985,ns
strain,E198L(Hom),F200Y(Het),0,-136.82327664176756,-275.9974433716566,2.350890088121446,0.0593,ns
strain,E198L(Hom),F200Y(Hom),0,61.30859509303227,-88.07054797481979,210.68773816088432,0.982,ns
strain,E198L(Hom),N2(Het),0,-239.98586177101137,-380.496986831448,-99.47473671057477,1.9e-6,****
strain,E198L(Hom),N2(Hom),0,-152.4016907043615,-292.9128157647981,-11.890565643924901,0.02,*
strain,E198V(Het),E198V(Hom),0,173.17083020941487,38.320214097281166,308.0214463215486,0.00159,**
strain,E198V(Het),F167Y(Het),0,-43.86203660076552,-174.03432063049286,86.31024742896182,0.997,ns
strain,E198V(Het),F167Y(Hom),0,167.67863552662118,34.524321104682514,300.8329499485599,0.00224,**
strain,E198V(Het),F200Y(Het),0,-26.448842406344056,-156.6211264360714,103.72344162338328,1,ns
strain,E198V(Het),F200Y(Hom),0,171.68302932845575,30.65287926031297,312.71317939659855,0.00392,**
strain,E198V(Het),N2(Het),0,-129.6114275355879,-261.2121536365738,1.989298565398002,0.0583,ns
strain,E198V(Het),N2(Hom),0,-42.027256468938006,-173.62798256992392,89.57346963204789,0.998,ns
strain,E198V(Hom),F167Y(Het),0,-217.0328668101804,-347.20515083990773,-86.86058278045306,3.89e-6,****
strain,E198V(Hom),F167Y(Hom),0,-5.4921946827936665,-138.64650910473233,127.662119739145,1,ns
strain,E198V(Hom),F200Y(Het),0,-199.61967261575893,-329.79195664548627,-69.4473885860316,3.7e-5,****
strain,E198V(Hom),F200Y(Hom),0,-1.4878008809590995,-142.51795094910187,139.54234918718367,1,ns
strain,E198V(Hom),N2(Het),0,-302.78225774500277,-434.38298384598863,-171.18153164401687,1.53e-11,****
strain,E198V(Hom),N2(Hom),0,-215.19808667835287,-346.79881277933873,-83.59736057736697,6.76e-6,****
strain,F167Y(Het),F167Y(Hom),0,211.5406721273867,83.12647387473845,339.95487038003495,5.49e-6,****
strain,F167Y(Het),F200Y(Het),0,17.413194194421465,-107.90623124796537,142.7326196368083,1,ns
strain,F167Y(Het),F200Y(Hom),0,215.54506592922127,78.98138813773522,352.1087437207073,1.77e-5,****
strain,F167Y(Het),N2(Het),0,-85.74939093482236,-212.551938125329,41.053156255684286,0.564,ns
strain,F167Y(Het),N2(Hom),0,1.8347801318275145,-124.96776705867913,128.63732732233416,1,ns
strain,F167Y(Hom),F200Y(Het),0,-194.12747793296523,-322.5416761856135,-65.71327968031699,5.26e-5,****
strain,F167Y(Hom),F200Y(Hom),0,4.004393801834567,-135.4046662035945,143.41345380726364,1,ns
strain,F167Y(Hom),N2(Het),0,-297.2900630622091,-427.15204323216165,-167.42808289225647,1.95e-11,****
strain,F167Y(Hom),N2(Hom),0,-209.7058919955592,-339.5678721655118,-79.8439118256066,9.57e-6,****
strain,F200Y(Het),F200Y(Hom),0,198.1318717347998,61.56819394331376,334.69554952628584,1.38e-4,***
strain,F200Y(Het),N2(Het),0,-103.16258512924382,-229.96513231975047,23.63996206126282,0.255,ns
strain,F200Y(Het),N2(Hom),0,-15.57841406259395,-142.3809612531006,111.2241331279127,1,ns
strain,F200Y(Hom),N2(Het),0,-301.29445686404364,-439.220399575078,-163.36851415300927,1.81e-10,****
strain,F200Y(Hom),N2(Hom),0,-213.71028579739377,-351.63622850842813,-75.7843430863594,2.85e-5,****
strain,N2(Het),N2(Hom),0,87.58417106664987,-40.68435022673444,215.85269236003418,0.547,ns
